<?xml version="1.0" encoding="UTF-8"?>
<project-private xmlns="http://www.netbeans.org/ns/project-private/1">
    <editor-bookmarks xmlns="http://www.netbeans.org/ns/editor-bookmarks/2" lastBookmarkId="0"/>
    <open-files xmlns="http://www.netbeans.org/ns/projectui-open-files/2">
        <group>
            <file>file:/D:/Alven/KULIAH/Semester%203/Praktikum_PEMVIS/PRAKTIKUM/Codingan/ProjekAkhir/src/projekakhir/Welcome.java</file>
            <file>file:/D:/Alven/KULIAH/Semester%203/Praktikum_PEMVIS/PRAKTIKUM/Codingan/ProjekAkhir/src/projekakhir/TebakGambar.java</file>
            <file>file:/D:/Alven/KULIAH/Semester%203/Praktikum_PEMVIS/PRAKTIKUM/Codingan/ProjekAkhir/src/projekakhir/TebakAngka.java</file>
            <file>file:/D:/Alven/KULIAH/Semester%203/Praktikum_PEMVIS/PRAKTIKUM/Codingan/ProjekAkhir/src/projekakhir/Login.java</file>
            <file>file:/D:/Alven/KULIAH/Semester%203/Praktikum_PEMVIS/PRAKTIKUM/Codingan/ProjekAkhir/src/projekakhir/MenuUtama.java</file>
            <file>file:/D:/Alven/KULIAH/Semester%203/Praktikum_PEMVIS/PRAKTIKUM/Codingan/ProjekAkhir/src/projekakhir/TicTacToe.java</file>
            <file>file:/D:/Alven/KULIAH/Semester%203/Praktikum_PEMVIS/PRAKTIKUM/Codingan/ProjekAkhir/src/projekakhir/Daftar.java</file>
        </group>
    </open-files>
</project-private>
